G117	G235	G820	G120	G171	G43	G5
0.5774755	0.9461893	1.0732607	0.8970564	0.3799088	1.1046340	0.1723238
0.5845698	0.8089575	1.0985712	0.9103214	0.5595686	0.8736667	0.1733112
0.7457650	0.7803324	0.8350815	0.9155847	0.4106503	0.9288869	0.2448833
0.3774139	1.0909494	0.8118231	0.8095028	0.5673664	0.7301000	0.2537921
0.3916284	0.9039307	0.7484821	0.8255171	0.4753827	0.8979350	0.2077183
0.1687345	0.6342769	1.2921534	0.4472957	0.4217393	0.9260474	0.1686139
0.1780087	0.5612599	0.9247725	0.4586232	0.4852040	0.9718363	0.1826433
0.6966548	0.9028627	0.9993852	0.9306545	0.5061729	0.7665649	0.0536562
0.6339916	0.8956475	1.0598989	0.9697082	0.3575710	0.7383340	0.1577311
0.6291027	0.7512600	0.8378568	0.8681003	0.3843067	0.7468922	0.0883061
0.2080116	1.0848477	0.9897129	0.6512215	0.3686273	1.1393801	0.0617198
0.2144680	1.0037886	0.9183956	0.5312978	0.4450885	1.2260046	0.0929664
0.2674498	0.9820539	1.0223551	0.5452222	0.3955806	0.8482223	0.1007050
0.5840480	0.8289743	1.0127509	0.5111025	0.7499378	0.8951401	0.0925095
0.6192957	0.8899076	0.9104486	0.7267244	0.7314324	1.0141986	0.0552678
0.5518783	0.7397460	1.0389913	0.5129786	0.7360142	1.0909517	0.0463735
0.3544742	0.4248565	0.9121365	0.6337199	0.7198209	0.7723668	0.1798440
0.4448373	0.3782616	0.8798065	0.6899516	0.9619653	0.7778206	0.2457804
0.1676095	0.8375762	0.9858973	0.4077139	0.9875061	0.9106982	0.0822707
0.1716010	0.8296584	1.0297213	0.4230729	1.0338638	1.1402935	0.0592520
0.4541818	0.9050064	1.0269909	0.7118447	0.5304034	1.0325233	0.2149116
0.1056517	0.7006962	1.0502494	0.5157686	0.8483836	0.9849979	0.1472089
0.1532681	0.7670581	1.0699311	0.5149687	0.8382273	0.9272755	0.1894976
0.4093128	1.0032172	0.9595639	0.9058255	0.5155540	0.7609318	0.2559569
0.4718939	0.7136550	0.7851360	0.8948932	0.4263325	1.0368258	0.2070902
0.5839874	0.5883357	0.6267389	0.9164223	0.5548736	1.2313633	0.2349799
0.4861484	0.6533064	0.9514537	0.6865453	0.7361078	1.0012516	0.1384016
0.4059742	0.5406674	1.0542473	0.6229771	0.7181023	0.9381303	0.2502049
0.4730942	0.7917854	0.8607828	0.7878424	0.4976814	1.1641956	0.1632709
0.4777108	1.0666300	0.9164504	0.9298679	0.4516584	1.0859613	0.2315324
0.4468557	0.7627377	1.1702736	0.7508126	0.4237468	0.8948222	0.2180036
0.2865738	0.6652146	1.0164820	0.7268936	0.6070520	1.1174266	0.2042015
0.4592275	0.6047625	0.9841005	0.7613028	0.4888349	1.1364460	0.2081033
0.3269414	0.9467245	0.5685807	0.6418138	0.5107663	0.8593659	0.1606540
0.3421769	0.7938205	0.4503091	0.5946013	0.5152357	0.7166915	0.2970550
0.3600811	0.7235335	0.9171749	0.6271503	1.0617384	1.1991415	0.0793552
0.7233107	0.7062081	1.0636234	0.8515946	0.5475099	0.9534865	0.0027851
0.5454157	0.9142232	1.0581251	0.8252302	0.6145264	0.9986805	0.0002679
0.4741305	0.9804059	0.9598560	1.0223396	0.6027121	0.9513975	0.0037839
0.6031102	0.7909988	1.2206886	0.8134639	0.4779183	0.8271396	0.1556725
0.8483333	0.7516104	0.7766052	1.0536474	0.5027716	0.6908742	0.1455303
0.7358020	0.7773144	0.9529135	0.8022726	0.5544466	1.0859910	0.1439944
0.8223266	0.5924582	1.0739279	0.9669177	0.5763653	0.8691985	0.1834426
0.7099302	0.5666086	0.9586605	0.9119582	0.4117691	1.1126954	0.1415244
0.2204726	0.5327343	1.0376360	0.5268294	0.7618403	1.0287004	0.1605674
0.3344051	0.5273318	1.1309129	0.5182599	0.8323314	0.8111808	0.1743126
0.4792213	0.6938765	0.9389032	0.9472593	0.6075033	1.0253425	0.3651054
0.2868748	0.7096053	0.6591705	0.6133300	0.8496919	0.9599450	0.1212436
0.3352323	0.6623340	1.0624232	0.4747734	0.5101324	1.0853276	0.2342238
0.2161290	0.6116816	0.9336709	0.4128078	0.5646251	0.8033439	0.1375548
0.1444125	0.7136815	1.0420190	0.3721905	0.6223557	1.0286141	0.1448236
0.1024499	0.6716110	0.9987185	0.3423875	0.6823546	1.1241917	0.1502648
0.5114698	0.6555762	1.1140689	0.8966924	0.5391954	1.0741887	0.2214325
0.5223684	0.5284629	0.7441565	0.8485567	0.5379977	0.9933840	0.2200543
0.4935862	0.6229014	1.0624297	0.5267923	0.5797556	0.8204585	0.2142244
0.4418304	0.8076823	0.8222487	0.4769888	0.4467159	1.0024782	0.2086044
0.3219316	0.8350000	1.0115252	0.7071344	0.4781120	0.8995469	0.1618971
0.3660455	0.6995779	0.8474271	0.5139945	0.5624253	0.8988422	0.1481848
0.3700067	0.7258879	0.8456797	0.4922103	0.5154413	0.9850717	0.1949253
0.4210791	0.7670485	0.7978802	0.4520826	0.4481960	0.9147278	0.1642667
0.3025902	0.9832386	0.8801592	0.5209344	0.4010187	0.9268461	0.1915915
0.4174542	0.8628456	0.9334458	0.3751599	0.4308728	1.0536681	0.1262153
0.3136566	0.9749532	0.8153618	0.5810510	0.3969386	1.1161219	0.1635083
0.3170353	0.8300229	0.8659885	0.5474870	0.4451633	0.7590784	0.1716724
0.6095550	0.8750484	1.0204680	0.9443039	0.4082386	0.6440150	0.3657646
0.6745266	0.8336512	0.9423686	0.8936557	0.4840693	0.7152628	0.2829394
0.6717640	0.7506490	0.9361395	1.0513668	0.3580496	0.6012607	0.2232432
0.7916779	0.7971950	0.9038229	0.9032727	0.4534396	0.6550866	0.3070847
0.4588083	0.5805425	1.2594120	0.8144370	0.5098280	1.1366066	0.2648342
0.4618954	0.7216598	0.8334583	0.7995370	0.3487870	0.8897651	0.2508487
0.4062748	0.6547291	0.9504923	0.8734500	0.4510860	0.9512837	0.1590226
0.4144188	0.7795454	0.9391735	0.8274440	0.4587062	0.8745500	0.2265168
0.5620963	0.7302953	0.8486673	0.7977136	0.4315926	0.9122542	0.1819932
0.5182224	0.6265245	0.9003769	0.8633030	0.4728305	1.0951938	0.2167396
0.4011741	0.6038597	1.0818858	0.8725345	0.3858704	1.1020681	0.2021280
0.4265387	0.5845137	0.6894399	0.8192193	0.3694581	0.9544337	0.2503758
0.4357305	0.6672383	0.8783566	0.9867751	0.3869806	0.9927870	0.2242645
0.6338419	0.7965646	1.0230662	0.8111985	0.4383184	0.9906207	0.2938184
0.4073522	0.7247926	0.9566131	0.7813721	0.3943755	0.8656977	0.2286925
0.5642612	0.7364928	0.9037360	1.0848178	0.3149541	0.9974951	0.1892997
0.4373931	0.5604490	0.8706674	0.9280311	0.4772895	1.0331724	0.2525622
0.1024156	0.2115205	0.9163610	0.1682436	1.0195142	0.6269500	0.0875408
0.4325661	0.8303214	0.8974679	0.6419310	0.8781489	0.9655142	0.1987241
0.3538143	0.7972429	1.1711189	0.7619311	0.6077671	1.0030778	0.2246226
0.3717601	0.8117730	0.9778827	0.7235999	0.4496996	1.0334233	0.3298615
0.3367601	0.9747895	1.0633210	0.4572532	0.4574701	1.0184949	0.2003179
0.3478439	0.9449886	0.8839245	0.6983597	0.4994223	1.0225534	0.1827014
0.3089881	0.8962210	1.1935688	0.7733941	0.6318563	0.9684456	0.2322095
0.2688268	0.8863637	1.1181421	0.5363028	0.4975674	0.8758004	0.2488968
0.3069208	0.8994090	0.9995284	0.6423682	0.2772129	1.0630211	0.2426102
0.3601679	0.9836621	1.1011107	0.7917195	0.3351125	0.9959019	0.2582771
0.3475719	0.8642189	0.9442793	0.7032723	0.2387920	1.0454903	0.3330315
0.4041591	0.8420160	0.9199058	0.7458113	0.2820615	1.0294352	0.3126758
0.3590026	0.7478677	0.9778823	0.6614876	0.3027438	0.9353302	0.4086530
0.2807430	1.0267062	0.9478254	0.6717071	0.3066372	1.3538994	0.2949597
0.3061660	0.9833296	0.9839440	0.6244939	0.2776154	0.9282704	0.2958148
0.3475031	1.0159887	1.1226752	0.6617388	0.3070551	1.0732402	0.2632431
0.3848741	1.0130320	1.0912956	0.6647741	0.3642843	0.9936542	0.2842196
0.3723288	0.8983269	0.8875778	0.6249887	0.3896498	0.8926873	0.2789778
0.4565720	0.6354785	0.9669281	0.7571938	0.8069176	0.9624535	0.0793238
0.5802185	0.6600355	0.7552799	0.9494135	0.6783969	1.1215148	0.1172839
0.2758859	0.6499778	0.7614323	0.6482976	0.8286789	0.9881925	0.2232955
0.2059616	0.4940234	1.1712456	0.4810104	0.8641278	0.9864136	0.1563458
0.5077147	0.6824907	0.9290666	0.7616397	0.4450443	0.9238497	0.1360492
0.5001008	0.7373777	1.0330385	0.6882261	0.3857288	0.7611958	0.1625152
0.4406181	0.5512143	1.1804210	0.6590488	0.4942485	1.0570540	0.1344237
0.4518179	0.5467226	0.9157440	0.7944903	0.4921461	0.9264868	0.0816389
0.4792658	0.7664133	1.0357887	0.6814145	0.4212835	0.9792751	0.1798087
0.3984091	0.7128416	1.1286610	0.8765240	0.4762905	0.7818498	0.1461458
0.3760985	0.6853628	1.0122938	0.7428284	0.5486481	1.1172290	0.3358792
0.3788642	0.4404516	0.9972407	0.8874203	0.4955026	1.1711268	0.2420390
0.0000000	0.6289452	1.0769632	0.0000000	0.3943045	0.9369130	0.0006038
0.0000162	0.6833021	0.8839145	0.0020322	0.5851468	0.8060716	0.0005275
0.2758982	0.5232177	1.0078901	0.3286516	1.0623460	0.9604585	0.0001997
0.3812666	0.4493919	1.0074661	0.4476678	0.9659922	0.9097217	0.0018953
0.6591633	0.5368612	0.8469916	0.7858675	0.5219231	0.9688400	0.2337936
0.6522322	0.6173013	0.8131491	0.9825649	0.4013284	1.0521235	0.1857949
0.6395597	0.8153042	0.9802263	0.8647238	0.7118065	0.7237376	0.1349454
0.6551804	0.8402148	0.9326747	0.6172989	0.6314394	0.7358513	0.1874269
0.4224720	0.6858970	0.8508470	0.7634548	0.5943666	0.8350148	0.2523746
0.4094785	0.7277031	0.9199870	0.8774746	0.4624033	0.7855346	0.3299260
0.5214791	0.6923014	0.3728150	0.9027570	0.5756202	1.0212714	0.2315208
0.4506996	0.6945329	0.3829131	0.8849741	0.5267028	1.0634504	0.1723905
0.5187095	0.6537030	0.3631647	0.8057189	0.5656820	0.8613801	0.2529757
0.4710054	0.7172533	0.4153818	0.9514726	0.4267798	1.1165920	0.2690208
0.4102823	0.8029126	0.3417326	0.7697575	0.5756717	0.9954306	0.2792671
0.4397013	0.6459197	0.2980933	0.7808440	0.5728791	0.8361594	0.2172918
0.4168867	0.8015817	0.3461081	0.9547454	0.6760028	0.8734360	0.2119809
0.4302718	0.7735046	0.4306140	0.8820199	0.5902315	1.1536150	0.2663271
0.4709307	0.6973008	0.3043598	1.0490071	0.4279078	0.9591784	0.1878068
0.4906926	0.7467402	0.4431351	0.8766575	0.4893267	0.9558857	0.2708155
0.4574008	0.7704263	0.4805834	0.8826372	0.6838305	1.2213528	0.2700761
0.4270901	0.5474037	0.4309393	0.9141281	0.6251582	0.9205539	0.3006465
0.4916019	0.8300571	0.4780596	0.8412722	0.4517591	0.9908129	0.1808832
0.5462644	0.7079490	0.3541736	0.9949653	0.5574438	0.9910211	0.2513730
0.6171305	0.8339132	0.3777144	0.8533197	0.4140697	1.3587232	0.2225572
0.1526556	0.8989933	1.1332709	0.5447476	0.0764306	0.1281386	0.3690815
0.2635040	0.8623691	1.0510923	0.4558943	0.0595033	0.0990914	0.4455564
0.5357143	0.3319855	1.1239148	0.8285787	0.4804263	0.8638283	0.2784447
0.5167173	0.4523459	1.1034652	0.9950358	0.5195756	0.8545172	0.3238680
0.7474166	0.3435944	1.0556700	0.9635000	0.4514070	0.7879050	0.2414961
0.6066709	0.4248275	1.0274378	0.9167933	0.3602819	0.9460590	0.2250879
0.6004938	0.4000533	0.9787401	0.9582032	0.4550413	0.7929680	0.3257902
0.4283327	0.4488019	0.9509362	1.0935253	0.4783438	0.7890933	0.2583073
0.5518014	0.5270208	0.8994400	0.8389341	0.5776386	0.8957567	0.2295648
0.4218693	0.5952322	1.0603144	0.5941960	0.4242690	0.8653511	0.2133013
0.5208325	0.3833294	1.0179862	0.7924280	0.4079576	0.8552513	0.3271969
0.7505277	0.7832479	1.0437985	0.8208513	0.4277504	0.0143397	0.2640041
0.7826182	0.8144669	1.0324314	1.0162818	0.4462010	0.0014001	0.2715049
0.6497495	0.7733039	1.0405430	1.0257004	0.5490934	0.0060418	0.3250448
0.9382849	0.7890958	1.0591736	0.8444752	0.3899824	0.0004273	0.4500549
0.8127046	0.7561568	0.9661731	0.7377516	0.5681753	0.0003727	0.5981491
0.8212135	0.6976730	1.0612739	0.6742091	0.4999800	0.0000203	0.8365912
0.7690165	0.7818991	0.9966007	0.8011605	0.4833311	0.0000000	0.6863156
0.8566628	0.7848712	0.9640206	0.8846121	0.5141744	0.0000000	0.8810175
0.7203969	0.8555024	0.9156599	0.8844622	0.6255841	0.0000000	0.7186485
0.6507671	0.6686853	1.0845267	0.8215902	0.5724990	1.1357523	0.1783279
0.4877890	0.6910336	0.9147302	0.7503838	0.5328234	0.8839006	0.1628324
0.4445954	0.7887827	1.1963555	0.8934696	0.5974338	0.7465497	0.1547114
0.3241444	0.7236104	0.9189792	0.7984486	0.6511555	0.7297092	0.1100146
0.4283044	0.7484229	0.9508360	0.8593794	0.5694376	0.8608522	0.1366783
0.4160851	0.6555134	1.0028021	0.4763709	0.5436839	0.1779052	0.2241219
0.2464842	0.6917072	0.7632554	0.2076569	0.5110467	0.0368082	0.1592971
0.1081030	0.7490765	0.9302319	0.2358457	0.4902315	0.0013467	0.1493706
0.0675700	0.7771426	1.0361381	0.2329323	0.4562829	0.0000000	0.3603413
0.5387419	0.5666981	1.0593759	0.9860108	0.7224109	0.1738014	0.1507356
0.4109432	0.8682811	1.1229340	0.7109098	0.5522510	0.0202547	0.1221329
0.4255640	0.7965510	1.1972566	0.8307299	0.6058823	0.0197994	0.1445750
0.4737787	0.8466283	0.9934642	1.0061032	0.4188781	0.0029313	0.3218959
0.6235003	0.6428363	0.9897748	0.8575966	0.4795987	1.0551208	0.2275802
0.3701219	0.7360486	0.9724559	0.2104876	0.4347444	0.2092593	0.2318191
0.1409521	0.8193953	0.9936910	0.0660514	0.4769034	0.0171595	0.1922325
0.0177047	0.8214815	1.1088449	0.0071086	0.4901188	0.0024160	0.3376267
0.4887073	0.6282669	0.8184030	0.8071418	0.6080386	0.9029055	0.3068592
0.4762110	0.7376882	0.7920452	0.7256480	0.7833505	0.9687173	0.3502748
0.4762748	0.5979167	0.8758953	0.8316022	0.7137148	1.1835289	0.2340469
0.2482601	0.6397401	0.7797283	0.5944100	0.7135617	0.8711383	0.1782125
0.2769290	0.7053032	0.7890698	0.7028186	0.9182657	1.1640974	0.2594965
0.3901694	0.6852914	0.9201387	0.6309962	0.6709428	1.1835855	0.2463442
0.4715416	0.5284095	1.0575325	0.8492474	0.5970529	0.8263323	0.4054553
0.6481642	0.6935831	0.9789010	0.8667359	0.7118217	1.0317711	0.2138891
0.5796735	0.6293651	0.8294571	0.9240895	0.5382707	1.1347347	0.2638172
0.4567266	0.6282995	0.8526407	0.6754009	0.6675238	0.9351917	0.3599189
0.4469757	0.6503202	0.7919832	0.8526712	0.8245416	0.9781133	0.2068505
0.5013105	0.6386598	0.9574659	0.6825727	0.6241728	1.1247212	0.2232070
0.4115013	0.7729515	0.7685822	0.7525239	0.6903779	0.9302339	0.1582456
0.4466291	0.7444821	0.9486416	0.7957797	1.0135896	0.8235089	0.2697489
0.5434515	0.6523703	0.8547522	0.9044522	0.7136560	1.0301936	0.2184712
0.5179876	0.7005608	0.7737699	0.7813748	0.7772542	0.9160780	0.2985717
0.4451612	0.6990821	0.8339777	0.6773027	0.7623280	0.9723658	0.1730540
0.5378730	0.7222762	0.8852791	0.7047369	0.6532337	0.8558782	0.2157974
0.4856566	0.7468464	0.8976820	0.5784959	0.7792528	0.9357359	0.2891605
0.3578262	0.7150157	0.7739490	0.7093628	0.7800900	1.0016646	0.2739148
0.5213553	0.6758687	0.7907574	0.7672005	0.8185590	0.9013057	0.2648346
0.4212649	0.7061749	0.8852416	0.6494973	0.8936595	0.9526121	0.3113036
0.2825520	0.8610484	0.8768842	0.6427731	0.8726918	0.9334463	0.1674360
0.5780535	0.6361217	0.9143249	0.7772906	0.8703850	1.1504252	0.2063155
0.5232248	0.7728940	1.0794201	0.8563392	0.5555277	0.9854446	0.1936894
0.5279601	0.9009057	0.9724226	0.8149896	0.6660476	0.9988532	0.2716996
0.4967015	0.7277716	0.9630809	0.9098364	0.5555073	0.9828071	0.2014421
0.5079480	0.7267430	1.1099871	0.7119312	0.5658326	0.7725139	0.1268197
0.4032957	0.7836775	0.8489399	0.6495911	0.4935814	0.7911516	0.1869646
0.3907968	0.5312960	0.8044552	0.8309961	0.5698049	0.8434564	0.2106765
0.4335680	0.8917864	0.8844734	0.7898713	0.5256739	0.8343527	0.1330456
0.3759576	0.8391970	0.6308449	0.6860164	0.5457636	0.8362736	0.1428586
0.3548326	0.7900400	0.9073064	0.7339314	0.5857005	0.8239900	0.1146117
0.6298856	0.7827491	1.0423373	0.9841341	0.6533307	0.9316807	0.2544621
0.4914885	0.6823045	1.1527477	0.9212748	0.4916263	1.1378179	0.2768487
0.6702170	0.5759180	0.8731548	0.8465558	0.6213535	1.0441366	0.2391063
0.7670765	0.7834941	0.8208293	0.2349784	0.4532615	0.9644990	0.1396341
0.8546316	0.7605003	0.9190076	0.2924337	0.5309797	0.6903718	0.1982435
0.9134752	0.8961172	0.9386192	0.1948493	0.6244920	0.7930556	0.1454783
0.7748833	0.6160262	0.8619025	0.0373144	0.6535663	0.7807434	0.0889209
0.8728848	0.4377274	0.9510270	0.0096682	0.5369084	0.7602553	0.0740928
0.8655587	0.6327002	0.9772378	0.0055694	0.6677168	0.9914642	0.0318511
0.3758874	0.8813302	1.0443958	0.7162813	0.6026392	0.2830732	0.0200390
0.4504860	0.5262994	1.0799079	0.7719157	0.5994579	0.1774533	0.0296499
0.5645587	0.6625737	0.9180154	0.6237242	0.5019281	0.1612567	0.0376744
0.6292609	0.8713994	0.7068874	0.7922444	0.6063269	0.0000236	0.0000000
0.4638782	0.9859178	0.8207981	0.8554207	0.5577825	0.0004472	0.0017450
0.3013645	0.7011754	0.7715973	0.8297136	0.6031364	0.0014077	0.0000000
0.7064326	1.0160165	1.0533665	0.2116123	0.4352590	0.1654668	0.0583928
0.7269881	0.7135114	0.9491840	0.2098654	0.5528688	0.1979490	0.0604902
0.8911167	0.8226551	1.0068061	0.2357578	0.6536751	0.1478070	0.0218589
0.8791073	0.5392204	0.8346225	0.0094098	0.6568969	0.0005426	0.0008045
0.8077351	0.5815792	0.8638653	0.0094450	0.5789524	0.0001888	0.0000000
0.7657492	0.5780825	0.9821857	0.0120555	0.6577996	0.0038150	0.0000000
0.5141816	0.6720610	0.9754173	0.8560157	0.4565539	0.9723160	0.2207891
0.5536757	0.6444207	0.9693377	0.7559271	0.5027534	0.8786053	0.2392348
0.6347831	0.5209353	1.0238743	0.8172010	0.4602555	0.8354882	0.2185715
0.5555811	0.6182661	0.9263043	0.8981014	0.4093552	1.0316002	0.2060398
0.5603588	0.5372729	1.0598331	0.8489236	0.6320252	0.9046718	0.2829827
0.6459461	0.6634091	0.8914887	0.8233228	0.5374426	0.8664973	0.0268351
0.6743191	0.7688720	0.9220504	0.7397125	0.5455995	0.7610000	0.0097435
0.6787808	0.9400225	0.8736759	0.9330096	0.4663041	1.0333647	0.0073039
0.6454583	0.9006297	0.9388239	0.7985058	0.6513766	0.8335850	0.0014769
0.8040149	0.9125559	0.8386767	0.7997829	0.6400790	0.6966441	0.0020188
0.6716771	0.9414386	1.1360416	0.7738268	0.6190398	0.8597174	0.0181200
0.5424575	0.6436458	1.0849567	0.9112083	0.5186335	0.8269754	0.2756044
0.4845642	0.7464006	1.0013434	0.9890862	0.4533777	1.2373676	0.2477022
0.5031681	0.7308493	1.0119475	0.8609595	0.6376247	0.9059696	0.1397836
0.5099173	0.7963571	0.9296300	1.1436095	0.6906493	1.0340222	0.1365382
0.4081088	0.6338748	1.0167916	0.7885603	0.6741499	1.0020707	0.1983832
0.6218227	0.6735724	0.9846293	0.7364372	0.8273928	1.0070257	0.1537994
0.4778882	0.8356796	1.1508438	0.7437529	0.4521299	0.8091667	0.1132584
0.5477266	0.7036689	0.8958727	0.8357272	0.6388707	1.0196526	0.1707905
0.5167874	0.8078893	0.9548840	0.8981568	0.4553548	1.0455685	0.3263217
0.5979280	0.8085677	0.9759762	0.8940642	0.5937328	0.7799650	0.3011308
0.8961416	0.7554018	0.9910142	0.8996431	0.4232723	1.0730470	0.1374757
0.7300636	0.7071510	0.9308955	0.8477332	0.5791663	0.8513308	0.2273373
0.8313568	0.6240301	1.0749215	0.9057023	0.6471927	0.9714437	0.1104139
0.9190518	0.6779492	1.1305592	0.9380808	0.6609129	1.0034137	0.1066481
0.9510002	0.7628894	1.0940957	0.8269356	0.5966339	0.7742548	0.1953204
0.9470962	0.7589301	1.1061755	0.8550568	0.5891718	0.9150345	0.2152837
0.4467174	0.7730409	0.9316177	1.0331682	0.5043124	0.9304549	0.2604609
0.5096903	0.7704612	0.8910901	0.8663751	0.7199495	0.9676639	0.1988235
0.4948676	0.9193444	0.9455037	0.8686893	0.4037326	1.0452926	0.2071307
0.5076125	0.6604753	1.0556167	0.7295527	0.6559672	0.9402744	0.1884612
0.5493625	0.7306033	1.0816806	0.8637154	0.6022244	1.1412652	0.1774973
0.5506030	0.8120658	0.9288030	0.7275164	0.7033518	0.9424062	0.1977906
0.4884352	0.8397064	0.8417060	0.8636743	0.5198060	0.8079443	0.2538754
0.4189567	0.7950680	0.8259097	0.7876833	0.5895187	0.9394121	0.1521907
0.7076016	0.7488811	0.8780210	0.9144332	0.6435613	1.1044773	0.2428628
0.5831829	0.5547446	1.0445159	0.8471060	0.5836844	1.2048240	0.2320679
0.4513951	0.7411713	1.0355793	0.8758433	0.5366288	1.0016571	0.2750130
0.4893097	0.6866897	0.8847194	0.7397046	0.5495256	0.9584909	0.3305281
0.7017630	0.6431880	0.8988810	0.9342707	0.5099701	1.1800937	0.2645187
0.4543276	0.6627051	1.0201819	0.5337486	0.6750987	0.8649310	0.2451932
0.4853911	0.7609124	0.8954405	0.4926710	0.6063994	1.0821228	0.1764140
0.5309820	0.7303894	1.0733463	0.5350533	0.6322664	0.9775729	0.1430636
0.5283594	0.7778328	1.0462671	0.4002083	0.9194686	1.1184980	0.1657933
0.4042012	0.8174922	1.0817025	0.3663374	0.6120648	1.0284321	0.2222374
0.3217549	0.7888030	1.1798459	0.5264823	0.7383866	0.8898988	0.1336927
0.4786309	0.5577762	0.9180853	0.4211482	0.6987095	1.0435463	0.2630075
0.5806179	0.7729020	1.1046679	0.9111379	0.5877144	0.8954046	0.2888744
0.5174373	0.6134526	0.9222418	0.9187513	0.6027658	1.0270371	0.2772625
0.7171924	0.8157713	0.8701669	0.4702023	0.6274559	0.4033010	0.2793155
0.6503946	0.8450117	0.9249779	0.4573265	0.6459229	0.5597793	0.2734636
0.9943369	0.7952279	0.9796651	0.1087199	0.7176448	0.1499339	0.1724091
1.0993871	0.6725158	1.0911771	0.0690166	0.7451524	0.1851050	0.2313202
1.0188182	0.4802645	1.2281898	0.0094237	0.7320468	0.0904136	0.1148273
1.0527138	0.5730814	1.0004907	0.0011469	0.6978970	0.1049050	0.1096553
0.9623804	0.5682681	1.1928940	0.0178661	0.5850486	0.1333371	0.1482514
0.5971036	0.5637616	0.8719653	0.9256093	0.6179449	1.1072578	0.2346002
0.4780654	0.6024155	0.9914215	0.8409960	0.6129624	0.9648769	0.2086108
0.5567010	0.7897932	0.9591682	0.8275529	0.7488698	0.8183827	0.2469756
0.5710843	0.7421513	0.8960210	0.7193896	0.4942176	1.0676415	0.2279689
0.5982735	0.6887701	0.8435554	0.4195873	0.5796295	1.0326330	0.2343978
0.7539215	0.7167308	1.1415651	0.4313712	0.7032154	1.0539210	0.2607146
0.3995757	0.6184468	0.9041893	0.3843457	0.7331037	1.0415979	0.2133330
0.5824098	0.6409946	1.1298563	0.3862696	0.6569375	1.1593476	0.1360455
0.4065042	0.7781477	0.9842506	0.4660812	0.6479809	1.0962254	0.1432373
0.4933480	0.6344682	1.0742029	0.9203924	0.5372342	0.9005003	0.2817251
0.5471080	0.7836311	0.9449626	0.8878576	0.5782890	0.9995603	0.2293176
0.5881206	0.7258018	0.9685617	0.7894791	0.5158025	0.9333497	0.2151108
0.5960489	0.7748722	0.9025297	0.6725311	0.5702938	0.8170170	0.3031018
0.6567267	0.6485047	0.7862527	0.6158035	0.6174456	1.0055056	0.2210665
0.8005844	0.7306401	1.0458069	0.5301051	0.6917561	1.0171245	0.1983472
0.6205019	0.7240274	1.0766323	0.2515756	0.6512383	0.7254173	0.2234021
0.7427468	0.8534531	1.0577909	0.2162653	0.6082504	0.6935802	0.2324778
0.8215573	0.6430606	1.1133656	0.2452042	0.6479039	0.7965002	0.2136645
0.5670193	0.6677560	1.1261137	0.1797147	0.5693381	0.8482686	0.1946572
0.7013377	0.5466260	1.0121120	0.2350686	0.8671717	0.6858214	0.1283798
0.8227593	0.6060486	0.9821550	0.1666004	0.6649524	0.7856351	0.1702140
0.6835054	0.6224864	1.0560934	0.1397050	0.6646007	0.7407577	0.0806000
0.5484051	0.6478480	0.9333575	0.9444607	0.4927611	1.2359642	0.2507261
0.3937229	0.4827710	0.7496414	0.9520450	0.5311054	1.0155501	0.2376414
0.4402629	0.5239259	0.7136841	1.0092017	0.6798589	0.8708744	0.1912799
0.4196813	0.5811376	0.5596502	0.9776455	0.7448599	0.9960489	0.2677067
0.4752774	0.4766621	0.7206143	0.7664463	0.5425471	0.7694450	0.2188223
0.5373314	0.4162447	0.6821607	0.9408889	0.4296476	0.9438031	0.2459739
0.4939235	0.5462766	0.6353650	1.0080410	0.4819745	1.0287927	0.1633783
0.4946458	0.5893467	0.7856413	0.9046967	0.4453329	0.9330278	0.1529007
0.4351405	0.4793933	0.5498980	0.8935047	0.3930248	0.9954004	0.2533832
0.5708257	0.5704387	0.4910318	0.8481030	0.5332826	1.0282905	0.2043130
0.5442921	0.7532265	1.1591719	0.7181878	0.5065436	1.0166500	0.3992890
0.5050021	0.3804371	0.8558584	0.7761567	0.5064294	1.0107295	0.1739778
0.6764091	0.5609523	0.7916629	0.7839055	0.4900837	0.9912215	0.2162070
0.4593382	0.4724745	0.8033851	0.8055884	0.3537571	0.3589588	0.1295265
0.5216479	0.6626094	0.8941451	0.9695834	0.3558080	0.4323735	0.2120369
0.6133709	0.6481269	0.9397987	1.0093580	0.4123925	0.9997821	0.2495070
0.5417148	0.4729247	0.9827346	1.0032875	0.5236017	1.0431604	0.2522723
0.5911288	0.5580239	0.8620673	0.9286932	0.5391310	0.3128543	0.1599838
0.6397417	0.6026007	0.9973930	0.8960471	0.3697831	0.2663020	0.2144416
0.5761603	0.3530739	0.7492449	0.7298863	0.5210347	0.9590245	0.2234725
0.4904713	0.3767887	0.7842498	0.7786169	0.5707488	1.0710455	0.1217964
0.5121251	0.7196798	0.8300096	0.9929493	0.5454134	0.8675796	0.1568834
0.4854162	0.8230251	0.8458769	0.7866881	0.4971429	0.8768692	0.1712871
0.5068236	0.8198430	0.9062912	0.7545938	0.4329920	0.7544330	0.2285511
0.4888694	1.0409585	1.0091644	0.8093767	0.4753732	0.8739710	0.2134620
0.4928079	0.6907522	0.9795724	0.9408515	0.3045962	0.0575922	0.2573485
0.6747965	1.2244925	1.0349733	0.8974807	0.0448230	0.0109693	0.3484921
0.5367456	0.9370601	0.8662653	0.8158717	0.2852938	0.0718517	0.2330669
0.5626268	0.9496762	1.0071803	0.9825939	0.0347200	0.0075157	0.3350087
0.4702478	0.8180884	1.0801017	0.9357730	0.3728907	0.0916250	0.2895171
0.5935528	0.9162935	0.9189054	0.9873176	0.0226861	0.0039949	0.3852627
0.5092517	0.7392921	0.9598503	0.9114871	0.4612529	0.9827752	0.2124285
0.5539935	0.9252804	0.9212403	0.9011929	0.3875688	0.1091003	0.3233621
0.6090911	0.9691544	0.7856683	1.0707218	0.5370258	0.0046584	0.2946628
0.5714533	0.5590313	0.9416759	1.0267223	0.5220978	1.0375014	0.2277601
0.7065175	0.5453462	0.9731600	0.6262728	0.9001461	0.8174725	0.2123484
0.5334316	0.4810954	1.0015546	0.5798966	0.7111794	1.0054401	0.1966969
0.5897854	0.6360181	0.8489391	0.6708857	0.7308667	0.7258779	0.1127197
0.7130677	0.5849712	1.2115148	0.5992752	0.6586159	0.9206785	0.1153724
0.5938458	0.5467955	0.9792822	0.5003394	0.6533447	0.9020007	0.1862627
0.6235900	0.4589248	1.0741113	0.4815989	0.7626066	0.9294396	0.0856660
0.6059363	0.6858214	1.0991552	0.9490776	0.4943860	1.1023720	0.2728858
0.4609508	0.7114843	1.0142008	1.0941212	0.5125025	0.9503890	0.2871213
0.4353600	0.5969580	1.0103891	0.8304193	0.4751730	0.9041299	0.2625492
0.5601226	0.6484377	1.0143673	0.7959741	0.6461644	0.9735143	0.1656430
0.5379655	0.7901452	0.8509605	0.8335129	0.5220839	1.1685740	0.2420910
0.4155773	0.4929419	1.0439785	0.7831802	0.5620363	0.9556021	0.1704994
0.5640822	0.8606363	0.8999035	0.8443424	0.5820785	1.1127314	0.2861562
0.6127140	0.6737529	0.8872315	0.8899160	0.6091736	0.9855935	0.2135840
0.4935755	0.6268022	1.0605634	0.7114024	0.5497364	0.9061713	0.1937591
0.7216715	0.6323538	1.1262568	0.7953928	0.6810225	0.9876159	0.2294649
0.3875959	0.5561560	1.0994738	0.7487340	0.5116495	0.9124647	0.2178625
0.3908154	0.6389481	1.0807890	0.6445116	0.5081022	1.0246668	0.2525482
0.5065680	0.5642831	1.0817287	0.7112427	0.6764711	1.0601322	0.2094471
0.4299373	0.5426708	1.1846534	0.8184870	0.6029726	0.9039264	0.2218498
0.5090988	0.5329095	1.1503051	0.8651483	0.5612311	1.1938910	0.3556349
0.3909778	0.5564272	1.1588363	1.0051526	0.6179565	0.8288462	0.3838429
0.3693984	0.4857204	1.1280787	0.8522992	0.5518441	0.9212229	0.2136129
0.5121644	0.4710812	1.0293977	0.7039978	0.6050361	0.9472140	0.2018512
0.4778478	0.5261788	1.0371219	0.9059513	0.4846491	0.7669222	0.1656419
0.2996349	0.5746724	1.1190651	0.8704625	0.5960847	0.8787261	0.2181442
0.6053371	0.5981579	1.0095752	0.9178087	0.4955961	0.8338480	0.2195703
0.8430225	0.6827631	0.4513321	0.8085382	0.3471889	1.1940075	0.0056759
0.5683518	0.9443179	0.4903264	0.8934234	0.5424305	0.9205247	0.0048743
0.6094896	0.7408102	0.4978718	0.8654322	0.4294838	0.8531115	0.0001341
0.7422905	0.6052871	0.4477773	0.8856536	0.4381913	1.0509822	0.0019184
0.7670354	0.7927512	0.6055388	1.0529091	0.3714747	0.2083660	0.0239148
0.6860710	0.7794340	0.3748850	0.8690794	0.3988123	1.0467931	0.0023874
0.9374767	0.6906963	0.5113368	0.9044833	0.3812063	1.0757388	0.0018387
0.4904159	0.7025635	1.0387811	0.8469351	0.5563633	1.1380887	0.2336951
0.4269980	0.9215916	0.9503598	0.5356412	0.7247103	0.9672421	0.1978809
0.3208992	0.8275915	0.6735376	0.5993120	0.7322111	0.9981349	0.1489259
0.4456302	0.9894473	0.8113477	0.4781599	0.6578397	0.9011915	0.1838885
0.3944174	0.9509568	0.8240008	0.5727451	0.5967738	0.8892087	0.1159976
0.5661088	1.0382638	0.8377051	0.5157117	0.7434546	0.9485970	0.2039544
0.3939865	0.8081732	0.8773225	0.5458440	0.8784404	1.0972161	0.1572517
0.6515741	0.7030796	0.9601480	0.9182980	0.4891875	0.9041766	0.2475679
0.4991439	0.7010268	0.9784819	0.7343229	0.3960669	0.7779426	0.1864683
0.4161071	0.6678666	1.0671740	0.7376877	0.5697259	0.9402402	0.2027642
0.5845148	0.6165232	0.9930975	0.6467582	0.6120160	0.6164155	0.2217058
0.5339474	0.6332183	0.9506004	0.8957526	0.5528406	1.1109892	0.2435318
0.4578997	0.6659340	0.9429154	0.7020462	0.4277023	0.6914868	0.2166656
0.5443753	0.5988950	1.0596932	0.6829337	0.5314523	0.6766867	0.2497398
0.3799183	0.5569349	1.1087431	0.7631741	0.4668755	0.6565071	0.2648663
0.6121819	0.7631271	0.9972527	0.7868415	0.5620767	1.1313707	0.2646154
0.5224045	0.7208645	1.0583836	0.8331482	0.5123049	0.7528319	0.2228540
0.3761804	0.5535435	1.0734277	0.7104785	0.4238261	0.6232911	0.2458260
0.3238393	0.5906506	0.9203286	0.7172596	0.4960572	0.9392484	0.2880905
0.4196401	0.6276226	0.9312649	0.8526527	0.6104034	1.0729108	0.2684232
0.2530480	0.7125770	1.0845148	0.3023276	0.4246644	0.1384543	0.2217208
0.1099453	0.4904746	1.0734297	0.1172302	0.4035057	0.0195438	0.1483036
0.0074318	0.4717697	0.8856411	0.0079221	0.4092387	0.0000000	0.4645875
0.3084870	0.7248429	0.9208000	0.4431221	0.5428351	0.8231659	0.0105043
0.1431857	0.5917792	1.2024135	0.4649326	0.5545361	1.1142017	0.0003216
0.1234891	0.8852839	0.9930637	0.4726672	0.6554515	0.9727938	0.0004153
0.3269383	0.8441464	0.9760555	0.3114926	0.5843172	0.8599268	0.0189688
0.1425686	0.6889119	1.3026341	0.3856931	0.5026961	1.0511906	0.0000000
0.0883912	0.6476115	1.0453551	0.3292244	0.6366772	1.0953574	0.0000000
0.5305319	0.6008102	1.0501562	0.8213629	0.5961720	0.9045580	0.2437159
0.3886409	0.6827924	0.8365588	0.7840891	0.4329153	0.7883395	0.1477249
0.4221059	0.7951747	0.9910763	1.0753724	0.3601977	0.5909146	0.1213072
0.5265936	1.0232164	0.9855201	0.9146695	0.5031320	0.8240508	0.1750961
0.5035373	0.5851732	1.1927009	0.9406807	0.5748965	0.7461039	0.1801904
0.5519659	0.8316041	1.0324357	0.9533220	0.4283276	0.6778495	0.1326749
0.7509724	0.8758663	0.9835012	0.9861103	0.4871467	0.6220127	0.1302506
0.5450422	0.5496978	1.0905442	0.8085912	0.3964044	0.7042631	0.1615377
0.5247843	0.8933535	0.8971153	0.8912533	0.5577072	0.7785974	0.1118778
0.5333327	0.9227647	0.9377924	0.9408674	0.5083392	0.7054669	0.1324250
0.4826495	0.6885153	0.9556527	0.8587578	0.5652931	0.7622573	0.1434765
0.5080843	0.8497903	1.0483996	0.7917732	0.5157287	0.6368914	0.1424538
0.5942262	0.9013321	1.0572600	0.9924689	0.4907500	0.6485612	0.0943651
0.4650185	0.8697585	0.9870407	0.7922338	0.4250361	0.7665996	0.1161267
0.4564164	0.9183785	1.1305151	0.7015654	0.4139464	0.7264855	0.1571213
0.6396860	0.8126186	1.0854607	0.9659475	0.5583767	0.6557703	0.1273739
0.4479113	0.6910248	0.6355316	0.8326236	0.4865277	0.8030819	0.3157994
0.5999202	0.6120718	0.4712484	0.9857393	0.4107056	1.0022531	0.3680831
0.4903985	0.6250913	1.1554424	0.9154628	0.5618224	0.9337742	0.1965980
0.6013381	0.5493892	0.4996656	0.6490179	0.9229632	0.9399222	0.2444215
0.5938254	0.5417351	0.3934154	0.6649376	0.9341518	0.9417203	0.1275120
0.5012811	0.7859941	1.1052623	0.8206402	0.5296429	0.9777740	0.1940999
0.6267850	0.6219252	0.7728085	0.8961764	1.0488529	0.1350555	0.1376890
0.6215068	0.8488825	0.3438480	0.6468663	0.8363813	0.0045629	0.2248251
0.5854161	0.6643528	0.8207035	0.7647880	0.4538680	1.0794932	0.3154638
0.5139781	0.9132573	1.0040675	0.9445229	0.4996183	0.9418961	0.2949252
0.4987627	0.6452523	1.0579497	0.8263941	0.5120198	0.9297849	0.2395303
0.5476497	0.9024636	0.7123589	0.8039612	0.4699621	0.9445605	0.2541247
0.5421407	0.8826239	0.8313399	0.6684213	0.6594830	1.0870611	0.2635629
0.3891105	0.8518890	0.7838002	0.6863227	0.5543483	0.9408022	0.2467780
0.3781249	1.0630607	0.5458018	0.7104255	0.5184792	1.0109814	0.2683948
0.3257458	0.9691813	0.6997070	0.6398685	0.6280105	0.9871764	0.2661152
0.2796694	0.9506188	0.5663682	0.5859982	0.4332973	1.1700032	0.2514914
0.4544345	1.0054846	0.6859880	0.6455468	0.6167901	0.4248497	0.0344712
0.5438654	1.0589938	0.6848517	0.8226595	0.6431455	0.3817068	0.0273392
0.4313514	0.8266435	0.8314693	0.7512290	0.4375570	0.3425670	0.0511476
0.3148704	0.9843575	0.4978296	0.6675134	0.5740171	0.1995859	0.0016053
0.3667651	1.0431158	0.5744819	0.4623626	0.5740731	0.1442736	0.0003348
0.4022145	1.1276608	0.8592445	0.5027482	0.4579874	0.1810142	0.0024898
0.6374251	0.7331897	0.8178129	0.8574780	0.5173671	0.9741445	0.2776575
0.5437785	0.6876685	1.0657914	0.7452678	0.6287106	0.9887979	0.2783290
0.6361788	0.6129667	1.0180489	0.9793987	0.4953240	0.9912328	0.2542247
0.5662330	0.7334927	0.9422319	0.8185229	0.5553294	0.9345716	0.2080612
0.5001348	0.7491416	1.0280095	0.7884768	0.5036839	1.0653766	0.2622689
0.6644612	0.9006047	0.8827700	0.2328530	0.3657855	1.0607478	0.1983204
0.9330586	0.8249243	0.8365604	0.2183335	0.6068174	1.3238169	0.2601699
0.9464785	0.8775954	0.7684719	0.2358596	0.5888624	1.1347377	0.3294289
1.0107443	0.8652589	0.5828150	0.0032750	0.5520532	0.8970034	0.0920923
0.8731645	1.0106975	0.4951082	0.0043926	0.4689478	1.0598427	0.1332763
0.9883863	1.0119989	0.4919857	0.0044884	0.5528354	1.0899149	0.0808441
0.7345913	0.9236622	0.7054751	0.3029812	0.4968868	0.3644034	0.0272247
0.6515197	0.8422406	0.7855040	0.2279243	0.5168551	0.4358562	0.0281604
0.7515114	0.7638879	0.6434599	0.2237425	0.5038270	0.3218754	0.0230327
0.9797556	0.9882290	0.5351322	0.0088912	0.5766923	0.1804667	0.0022402
0.9543361	0.9362883	0.4947306	0.0199362	0.4628466	0.1637930	0.0014195
0.9015325	0.9027230	0.5940205	0.0055939	0.4676741	0.1547399	0.0000065
0.5271436	0.7189700	1.1697740	1.0067157	0.5347760	0.9093398	0.2758710
0.5910836	0.8357822	0.8280544	0.8064894	0.4543625	1.0310047	0.2460357
0.6873193	0.8677208	0.8411920	0.6814800	0.4455594	0.8562531	0.1597048
0.7626684	0.9090605	0.5673329	0.7941657	0.6104044	0.8648948	0.1014501
0.8042126	0.8431024	0.5711203	0.8070649	0.6831321	0.8900946	0.2574810
0.9564650	0.9775148	0.5611248	0.9080634	0.4241949	0.9366494	0.1846436
1.0091958	0.7968488	0.6554222	1.0413773	0.5153892	1.0742328	0.2059991
0.3867759	1.1451069	1.1948363	0.6445123	0.8405937	0.6723940	0.1811978
0.3316909	0.8029121	1.0113348	0.5022589	0.8458621	0.7363933	0.1823278
0.3080344	0.8084409	0.9669780	0.4976074	0.5821939	1.0111494	0.1640540
0.2324360	0.8968313	1.2441345	0.6856603	0.7543536	1.1266620	0.2690061
0.1571599	0.4647306	0.9750640	0.3471950	0.5782925	0.9656366	0.2054817
0.1340815	0.5899354	0.8665075	0.3555282	0.6533691	1.0151775	0.1819942
0.2440006	0.5988857	1.0772824	0.3482870	0.5617367	1.0531451	0.2065153
0.5796588	0.2421679	1.1244373	0.5305957	0.9440294	0.7634532	0.1570993
0.8090200	0.3098785	1.1978643	0.5869702	1.0065286	1.0448167	0.1114715
0.6789170	0.9652625	0.8821696	0.8008118	0.6098592	0.5899973	0.1409692
0.2968362	0.9187282	1.1214933	0.8672586	0.7299162	0.4896853	0.0931483
0.4992948	0.9695429	1.0672889	0.8046782	0.6591171	0.4749251	0.1652608
0.3992651	1.0771763	0.9926285	0.8159914	0.7432886	0.7234438	0.0728767
0.5589206	0.9346823	0.9841480	0.8161275	0.6570748	0.6743027	0.2159577
0.5257446	0.9737314	1.0295262	0.8436350	0.5659485	0.4797476	0.1320926
0.5363461	0.9490145	1.1317434	0.8195102	0.5954888	0.5499705	0.0906240
0.3580715	1.1032551	0.6158672	0.4438408	0.5857921	1.0456923	0.0613681
0.3325591	0.9349863	0.5549827	0.5431543	0.5875948	1.0367085	0.1051748
0.2886972	0.9102688	0.7618279	0.6269526	0.5536940	0.9417298	0.0996627
0.3234815	0.9712542	0.5373742	0.6201927	0.5256223	0.9670256	0.0905603
0.3587558	1.0030991	0.6304632	0.6526597	0.4768552	1.1258897	0.1449300
0.3843188	1.0548695	0.4928460	0.4941874	0.4530296	0.9732820	0.0597591
0.3872205	0.8551439	0.8362994	0.7179362	0.7978461	0.9023258	0.2574013
0.4654243	0.7991560	0.7703212	0.5826374	0.7960423	1.1041122	0.2327843
0.4012248	0.8168534	1.0792697	0.7173847	0.8207181	0.9798296	0.2533971
0.4090526	0.7473274	1.0908150	0.5988741	0.7186428	0.9104892	0.2109192
0.2662430	0.8509519	1.0238315	0.6520359	0.8677160	0.9810006	0.1599507
0.4463076	0.7287134	1.2077147	0.6705355	0.6586128	1.0407037	0.2239085
0.3414907	0.7217164	0.8115657	0.6165884	0.8460271	0.9717509	0.1669176
0.2568226	0.9015970	0.9128632	0.6846187	0.7972081	0.9853086	0.1347420
0.3287583	0.8666610	0.9595543	0.8161561	0.7555270	0.9516964	0.1735229
0.2781968	0.7673471	0.9300420	0.7487899	0.5920345	0.9398694	0.2219841
0.4359327	0.9878203	1.0506956	0.8945002	0.9908503	0.8950150	0.2043242
0.4147152	0.8688044	0.8689978	0.6465194	0.8424197	0.9764117	0.1733622
0.2843798	0.8637291	0.9746771	0.6536490	0.7775282	1.0136821	0.2739418
0.3253641	0.9711923	0.9739543	0.6620077	0.7166479	0.9516978	0.2019437
0.3955534	0.7998784	0.7918839	0.7486584	0.7282591	0.9103724	0.0946857
0.4274592	0.8296955	0.9892643	0.8124155	0.9311049	1.0890191	0.1992732
0.2512055	0.9000054	0.9398079	0.7369141	0.7456333	1.0839273	0.2410537
0.3173634	0.8142385	0.8877479	0.5922101	0.8719385	1.0281016	0.2155303
0.4026078	0.9391637	0.9966315	0.6565673	0.7341460	0.8575209	0.1572048
0.4479104	0.8204857	0.9610356	0.7972121	0.6536568	1.2566149	0.1697840
0.3724115	0.8346202	0.9400932	0.7038793	0.8679848	0.9490915	0.2026781
0.5254890	0.6317495	1.0115072	0.6897143	0.9797662	0.9911714	0.2286835
0.6000918	0.9755621	0.8316622	1.0116973	0.5129719	0.7258105	0.3072123
0.4510340	0.7754957	0.9767479	0.7438410	0.4353426	0.7190263	0.2649344
0.5297521	0.8396795	0.8643648	0.8422753	0.4464403	0.6460139	0.3756467
0.5383574	0.8937613	1.0352880	0.8388303	0.4600009	0.6229916	0.2951140
0.4388727	0.7238705	1.1387236	0.6479026	0.5213576	0.6959513	0.1084159
0.5005387	0.6459201	1.0483798	0.6251220	0.6057782	0.7477013	0.1737347
0.5150249	0.5729222	0.8926039	0.7441357	0.5556854	0.9005401	0.1653244
0.3770817	0.6248850	0.9533267	0.6686545	0.5107793	0.5619422	0.1515326
0.4499347	0.5863336	0.9287676	0.7950775	0.5138683	0.7808757	0.1456047
0.3815547	0.7203554	0.9188400	0.7442551	0.5936259	0.9102163	0.1188504
0.4313021	0.6255888	0.8270735	0.6319365	0.5609788	0.8446374	0.2221106
0.4564204	0.8536410	0.9418634	1.0665621	0.3836748	0.9982725	0.3533890
0.4004894	0.8596882	0.9552296	1.0965660	0.4578949	0.9909820	0.2966083
0.4932943	1.0413231	1.0851844	0.8661725	0.4665112	1.0742752	0.2653039
0.4846991	1.0268810	0.8971630	0.9559304	0.3554451	1.0364133	0.2403652
0.7411859	0.3786429	1.0510495	0.8782642	0.4949628	1.0751791	0.2671098
0.7229830	0.4862392	1.0620621	0.9752677	0.4547971	0.9977297	0.2847666
0.6688836	0.6837228	0.8336839	0.8806336	0.5364706	0.9261990	0.3969613
0.4035224	0.5275054	0.8863393	0.7025771	0.6343409	1.0267410	0.2567510
0.4502265	0.4766356	0.8924268	0.9828312	0.5575600	1.0796138	0.2902453
0.2833531	0.3965645	0.9064284	0.7486523	0.4263038	0.9654512	0.2741219
0.4062328	0.5632505	0.8210353	1.0035685	0.4444697	0.9779884	0.2290709
0.3191926	0.6439071	0.8277629	0.9152146	0.5768064	1.1837738	0.2225938
0.4146470	0.4841059	0.9058353	0.7612786	0.4937814	1.0730204	0.1805446
0.5337597	0.4185124	0.9713649	0.8846199	0.4192532	0.9834108	0.1698545
0.4470599	0.4469774	0.8520478	0.8314988	0.4286515	1.1566709	0.2605702
0.5251666	0.5105217	1.0359682	0.9640776	0.4412915	1.1031724	0.3002705
0.5467974	0.5692790	0.9403875	0.9280547	0.6311638	0.9602339	0.2865920
0.4899515	0.4697573	0.9483573	0.9434365	0.5079229	1.0729993	0.3187503
0.4175308	0.5253131	0.8392639	0.8936195	0.6208504	0.8937229	0.2658348
0.4361031	0.4986743	0.9853387	0.8818214	0.5205281	0.9110384	0.2240250
0.4294780	0.5597685	0.8802778	0.8146561	0.5216793	0.8961021	0.2769820
0.3878511	0.4734755	1.0976578	0.9672286	0.4346232	0.8495734	0.2258660
0.5821353	0.6893088	0.9526325	0.9850606	0.4815769	1.1042931	0.2231527
0.4355684	0.7029678	0.9651013	0.8741059	0.4635475	0.8829533	0.2540131
0.4729142	0.6149475	1.1618846	1.0261909	0.5133460	0.8611104	0.1893867
0.4675124	0.7374396	1.1099799	0.9034167	0.5892511	0.9508568	0.1332776
0.6246997	0.7435513	0.9165121	0.7479671	0.5800230	1.1843602	0.2534170
0.5400257	0.4835174	1.1133784	1.0161308	0.5385893	1.1791524	0.1922853
0.4808448	0.5502915	1.0505242	0.8603445	0.6945285	1.0664902	0.1679548
0.5149866	0.6556096	1.1057705	0.8246681	0.5811498	1.0808984	0.2086959
0.4311247	0.4981749	1.0456383	0.7150014	0.6222043	1.0036786	0.1704112
0.5046164	1.0444979	1.1476408	0.8577773	0.5467483	0.5088992	0.0632532
0.5236524	0.8536151	1.1097760	0.9863614	0.4662738	0.6466563	0.0436443
0.4994485	0.7702168	0.9207752	0.7774386	0.5944730	1.0585165	0.0016704
0.5337459	0.8805533	0.9044010	0.7801786	0.6541971	1.0731398	0.0006290
0.6553373	1.0548815	0.9745797	0.6261208	0.6173166	0.5869559	0.1073814
0.7971365	0.9249877	1.0840559	0.5576068	0.5100813	0.6981506	0.1522075
0.6711854	0.5592488	0.7252420	0.8653811	0.5584884	0.7536074	0.2224445
0.5475440	0.7395039	0.6864835	0.9446911	0.5692697	0.9203012	0.1776818
0.7051581	0.6089827	0.7609248	0.8383773	0.6100938	1.0420394	0.2848360
0.6864502	0.6530480	0.7178231	0.7801794	0.6615264	0.7653676	0.1624380
0.6738492	0.7496322	0.8117443	0.6888812	0.7329240	0.9057073	0.3323338
0.5047402	0.4657171	0.7097885	0.0000000	0.7870229	1.0245707	0.0302408
0.3402276	0.4692094	0.7813912	0.0000000	0.5990759	0.9093408	0.0915405
0.2921321	0.5293086	0.6937016	0.0000000	0.8414867	0.8601770	0.0474196
0.5172982	0.6424461	0.7469373	0.7413755	0.6814983	0.8383878	0.2615901
0.5834970	0.7020710	0.8975885	0.8326156	0.6316423	0.7846728	0.4462008
0.5491511	0.8449318	0.7033364	0.9069016	0.6143035	0.8096245	0.2605425
0.6242637	0.6858788	0.5206648	0.8019194	0.6104373	0.8098065	0.2119358
0.6689184	0.6878030	0.7770046	0.7441889	0.7612287	0.7902993	0.1219742
0.6199195	0.8729500	1.0470932	0.8081244	0.6200789	0.9178248	0.1721933
0.5387198	0.8399101	0.9569600	0.7587828	0.4452178	0.9106589	0.1199841
0.5022148	0.7696839	1.1055093	0.7026150	0.4512524	1.0065084	0.1269920
0.5439361	0.9715876	1.0342685	0.6520974	0.3615756	1.0034947	0.1503902
0.6238407	0.7658980	0.8806930	0.8450828	0.5321790	0.9618613	0.1105311
0.6070208	0.8423352	1.0226120	0.8161898	0.5570757	1.0629968	0.1302502
0.3750369	0.4913295	1.0469234	0.3678489	0.8125760	0.7850285	0.1614275
0.2389537	0.3545262	1.1619458	0.4658386	0.6569280	0.6880619	0.1995794
0.7479945	1.0094127	1.0134560	0.8203150	0.4978262	0.7216624	0.2826679
0.9181960	1.0597154	0.7545046	0.8018459	0.5917937	0.8068039	0.2044801
0.6364720	0.7363706	1.1264825	0.7751583	0.2527118	1.0025248	0.0063975
0.5066549	0.9212865	1.0871494	0.8356223	0.4533860	0.9927102	0.0173816
0.6709630	0.6834702	1.0713201	0.7965154	0.4192706	0.9505133	0.0127857
0.5645249	0.7394173	0.9494755	0.9506631	0.3884612	1.0780596	0.0509789
0.5352598	0.8732356	0.9509225	0.7979483	0.2706757	1.1049161	0.0077276
0.5581198	0.7981922	1.0116825	0.7717463	0.3657936	0.9018580	0.0007796
0.5532256	0.7799664	1.2131913	0.8280701	0.3545121	0.9268393	0.0131108
0.0590081	0.8804243	1.0347818	0.1920336	0.5577534	0.9413383	0.1647640
0.0555858	0.7861226	0.9799207	0.3022587	0.5490428	1.0637705	0.2311837
0.0509089	0.8777824	1.0548666	0.2700593	0.6555850	0.9333936	0.1584146
0.0369659	0.7342133	1.0310373	0.2820566	0.5850915	1.0663997	0.1778765
0.0544440	0.7417179	1.0189082	0.3279333	0.6409094	1.1762381	0.1567839
0.0374694	0.8707776	1.0752138	0.2703985	0.7528773	1.0640319	0.1555995
0.5570389	0.7630065	0.9844839	0.7502135	0.4924553	0.9468230	0.1012362
0.5455885	1.0795200	1.0585389	1.0629355	0.4462353	0.8352507	0.0978773
0.5249145	0.9532668	1.0429029	0.8496518	0.3828343	0.9432064	0.0870158
0.5401950	0.8377277	0.9167964	1.0132420	0.3958579	0.9311847	0.0647673
0.4832793	0.9336130	1.0738569	0.8159495	0.5354900	1.0700959	0.0516355
0.4757737	1.3091145	1.0855537	0.8949315	0.4213938	0.9534567	0.0839139
0.5732680	1.0450472	0.8136951	0.7754743	0.5050967	0.9252591	0.1367349
0.5796060	0.8177506	1.2282004	0.8143973	0.4930927	0.9544486	0.0725186
0.6007044	0.9185194	1.1620835	0.9716640	0.4327210	0.8558466	0.0685204
0.4714077	0.9352268	0.9578940	0.8685262	0.4600230	0.9220490	0.0610278
0.6045921	0.8083558	1.1506306	0.7193103	0.4597746	0.7532237	0.0886741
0.4994422	0.7117338	0.8679786	0.8664132	0.4651002	0.8115249	0.0936786
0.6248127	0.8959395	1.0439268	0.8306406	0.6560870	0.8796618	0.0708386
0.5524912	0.8829734	0.9884602	0.9682798	0.4604588	0.9564597	0.0756266
0.4827002	0.9644217	0.9946882	0.9675722	0.4856421	0.9383577	0.0998250
0.5589207	0.9224654	1.0890788	0.7656474	0.5750939	0.8863826	0.0621719
0.6211139	0.8842415	1.0261478	0.9935152	0.4415760	0.9363954	0.0814697
0.5085287	0.7864153	1.1994354	0.9988714	0.4619408	0.8738627	0.0831269
0.6808301	1.0962587	0.9797997	1.0517341	0.4171934	0.7348223	0.0703607
0.5404552	0.8239536	1.1401958	0.9205522	0.5429424	0.8453016	0.0847934
0.6258309	0.8685283	1.0653288	0.9487342	0.4452817	0.9728338	0.0548885
0.4092079	1.1207260	1.1196270	0.6108661	0.4884321	0.8967434	0.0711714
0.4653710	0.9053394	0.9560195	0.8901374	0.4326169	1.0250735	0.1111376
0.3321780	0.8915499	0.8997615	0.7547610	0.6291380	0.9375211	0.0417604
0.6165291	1.0428939	0.8752466	0.7155348	0.4679271	0.8573177	0.0919650
0.4882547	0.7219126	0.9962768	0.6713083	1.1180735	1.0570275	0.0791279
0.4216011	0.7325196	1.1130622	0.4809365	0.8795083	0.0000000	0.3595766
0.3416891	0.5265825	0.8630321	0.7552056	0.7760120	1.0487508	0.0611402
0.4441157	0.5018636	0.6426963	0.7420775	0.7583448	1.1857687	0.0222481
0.4352922	0.6486230	0.8829527	0.7009670	0.6650937	1.0707582	0.0640184
0.3838015	0.6060642	0.7133923	0.8037061	0.7381852	0.9732245	0.0322641
0.6124763	0.7397828	0.6714540	0.7472926	0.7846878	0.9150873	0.0220865
0.3736040	0.4761469	0.6391011	0.6621094	0.8266980	0.9846012	0.0277418
0.4921034	0.8830694	0.7699791	0.9592767	0.5026222	0.7040682	0.0014502
0.6669151	0.7993840	0.6471384	1.1498784	0.5954813	0.6180183	0.0052145
0.0919438	1.0899380	0.9890368	0.3497143	0.6935093	0.8398613	0.0922941
0.1104402	0.8879621	1.0622061	0.3912001	0.5121779	0.9955599	0.1810331
0.1208815	0.9188590	0.9850229	0.4166913	0.6312007	0.7878525	0.1041379
0.1900001	0.8414531	1.2081460	0.4267518	0.5905821	0.8856544	0.0946783
0.5745617	0.7140004	0.6944532	0.5361590	0.8869147	0.9335140	0.0692202
0.4690531	0.8199292	0.6433578	0.3890002	0.9297584	1.1346578	0.0902876
0.6277224	0.6763320	0.5801726	0.4974661	0.9500515	0.8670511	0.0811376
0.6511534	0.6220639	0.7382676	0.4576201	1.0592267	0.9503570	0.0907263
0.5628932	0.7597117	0.7404656	0.5051639	1.0511155	1.0110329	0.0696838
0.7262730	0.8294708	0.5948799	0.4908146	0.9954257	1.0654838	0.1148297
0.4080564	0.6334830	1.0456555	0.7696171	0.4489802	0.9583486	0.1348248
0.4557471	0.4500253	0.9504570	0.8052548	0.5628690	1.0373554	0.1537773
0.5192332	0.5504045	1.1342473	0.7168733	0.5402740	0.9722924	0.1460526
0.5316088	0.6527047	1.1498571	1.0244971	0.5196984	0.9479664	0.1986701
0.5870906	0.5496000	1.2726880	0.9395398	0.6429217	1.1314653	0.2273669
0.4116660	0.6478994	1.0976148	0.9048886	0.4317661	0.9752494	0.1973805
0.4385105	0.8680812	0.4987777	0.8035210	0.7119702	0.9634191	0.2809411
0.4641059	0.5546592	0.5473605	0.7378367	0.6115162	0.8336420	0.2692827
0.4622126	0.7482695	0.5262817	0.8692885	0.6972340	0.9851502	0.2275033
0.4122381	0.6679636	0.5686158	0.6834781	0.7482744	1.0080774	0.1966976
0.4510198	0.5664451	0.4681400	0.9504054	0.5607236	0.7145100	0.2229263
0.5151262	0.6975522	0.4941980	0.7681055	0.6612015	0.8709112	0.2866614
0.3771047	0.7022335	0.5017429	0.9103538	0.6462126	0.9775920	0.3494575
0.6841029	1.0973093	1.0435030	0.9159398	0.5338564	0.9278723	0.1224426
0.6318457	1.0542451	0.9633124	0.9283842	0.4805197	0.9137656	0.0892198
0.5891279	0.9189965	1.1068485	0.9308541	0.5251964	1.1184263	0.1571941
0.6536091	1.0452023	1.1414986	0.7806182	0.5774928	1.0457544	0.0650614
0.5412311	1.0855033	0.8967366	0.8499338	0.6024530	0.8803653	0.0585230
0.6289401	1.0830965	1.0706236	0.8081523	0.5671203	0.9569021	0.1352771
0.4363233	0.4455714	1.0094725	0.7261958	0.8025323	0.8566495	0.2958176
0.4756070	0.5794396	1.0020162	0.7497543	0.7546680	0.7429591	0.2853349
0.5179458	0.4727133	1.0353437	0.6960974	0.5663757	0.8713017	0.2270698
0.3311905	0.3759510	0.9941590	0.7945583	0.7857079	0.8263688	0.1943154
0.4364799	0.3820438	1.0577641	0.7030580	0.8192147	0.7852482	0.2735094
0.3032840	0.3897636	1.1057833	0.4073772	0.8034616	0.8951307	0.1527709
0.2283210	0.2586801	0.9709163	0.6009516	0.7807892	0.7782294	0.1392699
0.2191827	0.2770703	1.0282495	0.5300606	0.7869080	0.9431268	0.1943906
0.2081618	0.3211196	1.1035131	0.5921643	0.7665136	0.8530723	0.1907290
0.2009987	0.3029660	1.0963452	0.4734177	0.7623954	0.9336579	0.1408238
0.1688841	0.5015941	0.9145039	0.6098109	0.6796545	0.8664327	0.2643305
0.4698617	0.6456584	0.9856058	0.9041049	0.5403969	1.1148708	0.2590089
0.5753894	0.5668528	1.0473198	0.8635445	0.4944589	1.1910040	0.3023403
0.5114195	0.7474586	0.9850969	1.0587856	0.5499987	1.0514896	0.3207305
0.3708723	0.3159956	1.0517042	0.5203217	0.8336291	0.9800735	0.1833002
0.3707340	0.3364646	1.0463378	0.6067097	0.8106588	0.7833010	0.1563205
0.3307953	0.3378148	1.0010573	0.4900720	0.7505346	0.7547328	0.1675491
0.5893382	1.1993962	0.4407604	0.7966559	0.5133747	1.0020443	0.0091145
0.6440066	0.9863951	0.3450656	0.7859521	0.4488014	0.9790120	0.0272845
0.6558948	0.9052396	0.3324051	0.8042706	0.3678632	0.8874201	0.0405403
0.8472275	0.8938797	0.3943017	0.8617130	0.4934285	0.9298415	0.0117928
0.6314682	0.8565694	0.2033592	0.7313444	0.4887031	1.0119645	0.0023140
0.7974078	0.8386652	0.2436591	0.8530217	0.4514987	1.0765759	0.0077264
0.7401526	0.9788089	0.2221134	0.8426558	0.5185544	1.2260323	0.0000000
0.8208058	0.9396997	0.2510540	0.8918185	0.4887340	0.9787999	0.0019480
0.7419996	1.0057495	0.2565958	0.7780825	0.4491563	0.9911408	0.0017183
0.6547436	0.8983444	0.3796516	0.7327956	0.5619691	0.9106098	0.0083677
0.7906158	1.0614532	0.2116233	0.7686300	0.5513639	0.8564730	0.0044705
0.7759304	0.9654363	0.1901966	0.8015655	0.7055519	0.8423406	0.0101039
0.5680040	0.9123418	0.3597540	0.9221019	0.0394208	0.9209117	0.0098311
0.7516072	0.9922541	0.2908429	0.8954126	0.0280710	0.8867696	0.0203761
0.7756673	0.9351812	0.3433716	0.7527928	0.0616640	1.0363880	0.0068885
0.6845441	0.8624433	0.2685828	0.9033904	0.0324405	1.0686256	0.0040431
0.7873365	1.0581062	0.3104098	0.9808911	0.0112364	0.8929631	0.0003161
0.6904047	1.1350764	0.3247314	0.9030972	0.0022960	1.0336859	0.0009083
0.7794724	0.8492585	0.2180708	0.9635001	0.0000000	1.0368754	0.0012324
0.6173347	0.9098749	0.2355443	0.8071478	0.0000000	1.0373491	0.0078925
0.7923160	0.8360211	0.2629897	1.0546986	0.0000633	1.0181097	0.0037767
0.7325416	1.0491592	0.1723580	0.8704387	0.0000000	0.9478942	0.0000000
0.6524571	0.9636739	0.3005238	0.7704028	0.0000000	1.0987834	0.0018723
0.7538972	0.9930621	0.2439681	0.9070065	0.0000000	0.9156747	0.0011688
0.5259255	0.7333803	0.9227337	0.8758997	0.4137395	0.7968697	0.2546149
0.4923798	0.8682500	0.9308338	0.8212839	0.5489365	0.6864483	0.2270663
0.4388279	0.8933390	1.0958474	0.9858570	0.5040910	0.8609520	0.2233738
0.5074450	0.7134534	0.9061702	0.9458951	0.3534053	0.7320068	0.3215803
0.4394626	0.8970622	1.1308334	0.8491711	0.5561336	0.6093330	0.2029626
0.6611276	0.9559081	0.9841135	0.8095117	0.5349402	0.8464399	0.3093655
0.5352590	0.6895226	0.7170712	1.0256345	0.5101276	0.6898894	0.0948407
0.5185510	0.5555824	0.7618757	0.9012366	0.7418573	0.6664399	0.0886293
0.5422727	0.5447483	0.7632963	0.8182279	0.5660534	0.6608834	0.1807790
0.4675743	0.6382967	0.8138977	1.0456899	0.4527652	0.6723204	0.1170444
0.5234060	0.6232001	0.5714927	1.0443237	0.4393608	0.7218967	0.1144096
0.4211563	0.6840461	0.6111201	0.8759873	0.4971129	0.7762354	0.1550287
0.4912663	0.7077328	0.6384623	0.8926550	0.4527193	0.8038184	0.1333627
0.5721502	0.8871847	0.7234439	1.0000823	0.5374334	0.6933122	0.0845180
0.6183974	0.6976982	0.7660061	0.8928657	0.7015682	0.7047883	0.1334009
0.5172670	0.6507830	0.6796136	0.9524291	0.4350405	0.6258342	0.0688515
0.5713171	0.6592748	0.6689675	0.9870439	0.4757091	0.7358270	0.1178590
0.4095705	0.6186552	0.6802847	0.8007861	0.4939446	0.6694480	0.0977915
0.5174946	0.8107356	1.0120166	0.8354222	0.6847284	1.1864168	0.0266022
0.4688715	0.8561946	0.9872764	0.8483434	0.6271562	1.2364411	0.0221567
0.6546462	1.0672102	0.7063058	0.8755537	0.5550755	1.2188869	0.0446570
0.6194842	0.8683093	1.0850078	0.8125620	0.6255949	1.1152560	0.0143911
0.4827007	0.9248192	0.7856449	0.8670905	0.4792335	1.0249099	0.0167718
0.5724312	0.9336096	0.7807614	0.8512594	0.5311113	0.9939287	0.0547453
0.5863463	0.8433793	0.7957318	0.7544005	0.6027092	1.2439887	0.0234482
0.5829022	1.0621169	0.8353127	0.8288516	0.4935603	0.9738478	0.0326783
0.6961823	0.9758257	0.8797250	0.8884556	0.4960753	1.0900797	0.0296904
0.7649174	1.1496354	0.7539281	0.8383640	0.5947173	1.0450214	0.0321026
0.5748828	0.9846516	0.7783591	0.7241413	0.7194784	0.8140230	0.0515469
0.5567654	0.9707324	0.9636968	0.8243032	0.5906489	1.0029770	0.0319722
0.5691265	1.0420600	0.8560890	1.0744939	0.6296022	1.0785473	0.0306740
0.7134128	0.8505028	0.9107318	0.8143428	0.7493553	0.9309725	0.0268700
0.6746084	0.8695053	0.9810230	0.8311838	0.4896572	0.9653611	0.0180854
0.7378803	0.9374993	0.9698842	0.8303640	0.7255396	1.0911077	0.0112838
0.8220838	1.0429464	0.9423138	0.8686430	0.4694699	0.9344969	0.0022492
0.9424969	0.9932499	1.0809526	0.8588498	0.4075885	0.8075541	0.0035182
1.0575515	0.9813455	0.9797429	0.8527332	0.5258701	0.8431993	0.0014623
0.6334558	0.5231084	0.8725914	0.0000000	0.5389646	0.8247093	0.0002410
0.5683468	0.5149486	0.9530935	0.0000000	0.3332028	0.8530379	0.0069848
0.6823972	0.4966100	0.6992844	0.8148219	0.4039486	1.0247052	0.0489426
0.5990187	0.5611175	0.8491704	0.9816738	0.4505134	1.0421815	0.0549349
0.8236398	0.5390657	0.6267579	0.7644740	0.3904110	1.0554807	0.1210657
0.7869899	0.5764126	0.7912637	1.0013564	0.5005019	0.9946358	0.0000000
0.7806990	0.5784455	0.6754149	0.9297364	0.5418292	1.0364980	0.0000000
0.5765900	0.4791734	0.7172742	0.9421487	0.5213582	1.0175724	0.0000000
0.7368675	0.5796353	0.7563514	0.9905003	0.4210665	1.1067257	0.0385916
0.7215347	0.4536995	0.6936398	1.0278568	0.2723532	0.9765095	0.1079669
0.7639502	0.6764955	0.9772801	0.9981662	0.4146190	0.8655355	0.0439142
0.6607386	0.4625643	1.0318715	0.8687591	0.4500934	1.0968994	0.0000000
0.5805293	0.7120105	0.8215618	1.0245995	0.5133383	1.1504622	0.0000000
0.7840107	0.6562732	0.8839880	0.8259359	0.5208749	0.9533019	0.0000000
0.6952674	0.9348944	0.9152432	0.7086494	0.4616754	1.1191086	0.2465991
0.6270188	1.2668898	1.2512168	0.9650519	0.4267814	1.0590765	0.2929701
0.1295774	0.9246661	1.0857027	0.1072898	0.4665666	1.0852328	0.1513011
0.6110118	0.6809959	0.8781644	0.8727912	0.5880681	1.1204594	0.2146885
0.6366095	0.8079502	1.0952265	0.8491966	0.5800443	1.0386165	0.1581266
0.5803642	0.7225998	0.8887808	0.7917636	0.4632004	0.7672728	0.1574436
0.6944069	1.0524721	1.1232476	0.8230009	0.6648290	0.9266899	0.1359745
0.6617579	1.0688669	0.9412612	0.7964068	0.4594157	0.8350826	0.2678318
0.6264637	0.6820771	1.0169475	0.8039532	0.4515615	0.9660933	0.2259026
0.6456849	0.7041085	0.9992343	0.7196207	0.3988876	0.9748021	0.2104290
0.6576833	1.1120332	1.1005313	1.1179961	0.5506195	0.9906044	0.1683897
0.7121490	0.7845493	0.9518460	0.9166144	0.4583289	1.0949674	0.2646128
0.7109960	0.8103098	0.9953474	0.8215539	0.4546829	0.8896818	0.1279352
0.4705413	0.7513721	1.0300996	0.9094661	0.5125356	1.0165488	0.1651846
0.6263084	0.8655546	0.9463090	0.9593431	0.5673038	0.9539207	0.2909170
0.6546470	0.7864002	0.9366550	0.7239932	0.4399083	0.8697743	0.1687868
0.7870239	0.6955206	0.9677281	0.9008231	0.5359490	0.8732765	0.1570815
0.7003134	0.8561398	0.9116936	1.0236147	0.4867587	0.9406301	0.2154532
0.4960042	0.7241144	1.1374514	0.7937655	0.4158082	0.9765044	0.2314926
0.6087988	0.7187779	0.9481402	0.2539085	0.4565892	0.3994360	0.1363688
0.3945861	0.6827612	1.0561641	0.0640297	0.4827444	0.3316260	0.1136703
0.3557909	0.6435488	0.9195946	0.0087773	0.4927176	0.2976943	0.1152426
0.2962579	0.5750970	1.1008216	0.0000000	0.4347414	0.4215654	0.0570596
0.5339381	0.6510970	0.9289089	0.9073621	0.6193372	1.0790125	0.1926100
0.6032207	0.7995060	1.0720059	0.8030722	0.4844479	1.0925821	0.2787676
0.8149143	0.7344158	0.8633629	0.9539471	0.4757214	0.9599843	0.1824328
0.6962877	0.8567275	1.0134292	0.8080913	0.5750619	1.0445566	0.2439238
0.7731958	0.9079427	0.7637533	0.8184851	0.4735070	1.3009606	0.1523233
0.5650090	0.6440427	0.9417650	0.8766465	0.5666089	1.1817066	0.2774666
0.5796709	0.6878666	0.9458012	0.3795380	0.5087836	0.5473277	0.2017069
0.4129858	0.5991630	1.0716857	0.0806142	0.5590707	0.1985525	0.1202643
0.4986216	0.5504698	1.1540973	0.0048283	0.3962067	0.3058285	0.0549940
0.3137704	0.6110472	0.9651224	0.0009377	0.4848316	0.3811932	0.0695307
0.5817493	0.7191271	0.9164232	0.8245871	0.4975536	0.9544397	0.2326611
0.8195618	0.4458265	1.0115488	0.8364212	0.7994230	1.5789219	0.1276759
0.7909618	0.7463129	0.8503544	0.8329708	0.6740839	1.8032402	0.0450767
0.6243660	0.5923290	0.9275828	0.6742384	0.7682013	1.8816112	0.0841595
0.5938266	0.7575369	0.9619067	0.7354744	0.4702083	0.8098488	0.2598824
0.4773630	0.8592263	1.0492550	0.8049110	0.5115228	1.1065488	0.2200303
0.4475613	0.3712837	0.9373255	0.2841345	0.6332185	0.2175958	0.0311900
0.6531528	0.4290610	0.8861876	0.5433827	0.6690846	0.1885467	0.0750344
0.5859756	0.3627477	1.0253193	0.1159483	0.6856237	0.0101210	0.0310367
0.5161448	0.4257401	0.9748104	0.1243344	0.7570072	0.0141847	0.0765017
0.3440215	0.1896778	0.9019131	0.0953122	0.6568905	0.0058982	0.0447967
0.3702912	0.1606313	1.1477082	0.1132851	0.7077985	0.0046915	0.0737300
0.6293740	0.6216519	0.9967507	0.9310869	0.6686878	1.0757957	0.2251536
0.4556827	0.6503665	1.0249349	0.4033024	0.8015792	0.5900356	0.1777808
0.0483006	0.5525345	0.9093653	0.0036623	1.0792895	0.4638871	0.0177874
0.4205048	0.6931838	1.0981896	0.7664324	0.8820444	0.9869581	0.1944466
0.1631055	0.7118167	0.9721832	0.4578315	0.9247591	1.0167204	0.1415936
0.5527863	0.6758350	0.9953816	0.9057101	0.5288128	1.0535407	0.2154734
0.4618866	0.7789678	1.1959055	0.6388378	0.8278519	0.9630932	0.1715659
0.3061660	0.7457123	1.0348946	0.4728970	1.0161722	0.9882783	0.0817237
0.4673262	0.6898507	1.0818340	0.3200997	0.8093547	0.5481598	0.1798917
0.0329543	0.5008729	1.1257899	0.0063487	0.9013291	0.4372805	0.0706914
